,building_id,total_consumption,sqm,yearbuilt,lat,lng,tamanho,período_construção
0,Panther_education_Teofila,6.588485886934991,8723.3,1999.0,28.5176885788321,-81.3790387999998,Grande,1951-2000
1,Panther_education_Jerome,14.757975360851287,11974.0,2009.0,28.5176885788321,-81.3790387999998,Grande,2000-...
2,Panther_education_Misty,47.1436034659016,252.7,2004.0,28.5176885788321,-81.3790387999998,Pequeno,2000-...
3,Panther_education_Tina,3.49137123811446,743.2,2000.0,28.5176885788321,-81.3790387999998,Pequeno,1951-2000
4,Panther_education_Janis,8.834086336484178,1015.6,1986.0,28.5176885788321,-81.3790387999998,Medio,1951-2000
5,Panther_education_Quintin,8.851837048415812,10578.5,2006.0,28.5176885788321,-81.3790387999998,Grande,2000-...
6,Panther_education_Violet,75.93632107105395,730.9,2011.0,28.5176885788321,-81.3790387999998,Pequeno,2000-...
7,Panther_education_Edna,4.860371078921752,9896.3,1970.0,28.5176885788321,-81.3790387999998,Grande,1951-2000
8,Panther_education_Sophia,11.173451423923375,4559.0,1968.0,28.5176885788321,-81.3790387999998,Medio,1951-2000
9,Panther_education_Hugh,21.125597824274493,10395.0,1996.0,28.5176885788321,-81.3790387999998,Grande,1951-2000
10,Panther_education_Annetta,4.337091965694398,9232.7,2000.0,28.5176885788321,-81.3790387999998,Grande,1951-2000
11,Panther_education_Ivan,8.457452769904888,5751.1,2001.0,28.5176885788321,-81.3790387999998,Medio,2000-...
12,Panther_education_Alecia,8.95849917732406,9805.4,2001.0,28.5176885788321,-81.3790387999998,Grande,2000-...
13,Panther_education_Rosalie,34.621669291576154,690.5,2008.0,28.5176885788321,-81.3790387999998,Pequeno,2000-...
14,Panther_education_Jonathan,8.681748793727381,331.6,1996.0,28.5176885788321,-81.3790387999998,Pequeno,1951-2000
15,Panther_education_Neal,11.500832261249732,7578.7,1997.0,28.5176885788321,-81.3790387999998,Medio,1951-2000
16,Panther_education_Mohammad,5.309428881231738,10244.6,1977.0,28.5176885788321,-81.3790387999998,Grande,1951-2000
17,Panther_education_Enriqueta,5.023315783870891,7084.5,2007.0,28.5176885788321,-81.3790387999998,Medio,2000-...
18,Panther_education_Shelton,8.130880769888893,5649.3,2003.0,28.5176885788321,-81.3790387999998,Medio,2000-...
19,Panther_education_Aurora,5.615946432731388,8012.9,2013.0,28.5176885788321,-81.3790387999998,Grande,2000-...
20,Panther_education_Vincent,5.183215480836763,11248.1,1989.0,28.5176885788321,-81.3790387999998,Grande,1951-2000
21,Panther_education_Mattie,4.436698763516219,499.4,1991.0,28.5176885788321,-81.3790387999998,Pequeno,1951-2000
22,Panther_education_Genevieve,7.811961823031459,12159.6,1985.0,28.5176885788321,-81.3790387999998,Grande,1951-2000
23,Panther_education_Diann,16.30644947698903,2200.4,2002.0,28.5176885788321,-81.3790387999998,Medio,2000-...
24,Panther_education_Emily,7.421912419710933,6326.1,2003.0,28.5176885788321,-81.3790387999998,Medio,2000-...
25,Panther_education_Scarlett,3.0143529034869845,2737.8,1968.0,28.5176885788321,-81.3790387999998,Medio,1951-2000
26,Panther_education_Zelda,4.1371140594386375,7519.8,2010.0,28.5176885788321,-81.3790387999998,Medio,2000-...
27,Panther_education_Gina,15.189342098522122,10833.1,1975.0,28.5176885788321,-81.3790387999998,Grande,1951-2000
28,Panther_education_Karri,27.566750503125448,5076.6,1996.0,28.5176885788321,-81.3790387999998,Medio,1951-2000
29,Panther_education_Cleopatra,4.742591693588469,2012.0,2016.0,28.5176885788321,-81.3790387999998,Medio,2000-...
30,Robin_education_Zenia,11.834292015149124,6337.0,1976.0,51.51878965384613,-0.1345562307692307,Medio,1951-2000
31,Robin_education_Derick,13.612864431913117,13965.0,1906.0,51.51878965384613,-0.1345562307692307,Grande,1901-1950
32,Robin_education_Della,2.583139053007544,499.3,,51.51878965384613,-0.1345562307692307,Pequeno,
33,Robin_education_Leslie,25.040622690786265,12977.0,1958.0,51.51878965384613,-0.1345562307692307,Grande,1951-2000
34,Robin_education_Mercedes,17.271303258577277,5295.0,1953.0,51.51878965384613,-0.1345562307692307,Medio,1951-2000
35,Robin_education_Julius,9.704294752594032,12850.0,1960.0,51.51878965384613,-0.1345562307692307,Grande,1951-2000
36,Robin_education_Lashandra,4.51472133364603,9061.0,2005.0,51.51878965384613,-0.1345562307692307,Grande,2000-...
37,Robin_education_Lizbeth,22.757575403964687,2001.0,2004.0,51.51878965384613,-0.1345562307692307,Medio,2000-...
38,Robin_education_Madeline,14.231567502678093,9335.0,1958.0,51.51878965384613,-0.1345562307692307,Grande,1951-2000
39,Robin_education_Jasper,17.873341504188332,3462.0,,51.51878965384613,-0.1345562307692307,Medio,
40,Robin_education_Terrance,12.829073191702637,7714.9,1991.0,51.51878965384613,-0.1345562307692307,Medio,1951-2000
41,Robin_education_Cecilia,13.099708040884874,1439.0,2004.0,51.51878965384613,-0.1345562307692307,Medio,2000-...
42,Robin_education_Kiera,6.049344151782551,4703.0,,51.51878965384613,-0.1345562307692307,Medio,
43,Robin_education_So,14.868454891018725,12051.0,1968.0,51.51878965384613,-0.1345562307692307,Grande,1951-2000
44,Robin_education_Derrick,13.311072446713359,10994.0,1909.0,51.51878965384613,-0.1345562307692307,Grande,1901-1950
45,Robin_education_Megan,12.108659054074856,7579.0,1913.0,51.51878965384613,-0.1345562307692307,Medio,1901-1950
46,Robin_education_Takako,42.8046925501815,1561.0,1995.0,51.51878965384613,-0.1345562307692307,Medio,1951-2000
47,Robin_education_Margarito,23.144424417906627,8468.0,2007.0,51.51878965384613,-0.1345562307692307,Grande,2000-...
48,Robin_education_Kristopher,7.759706587818032,5686.0,1989.0,51.51878965384613,-0.1345562307692307,Medio,1951-2000
49,Robin_education_Billi,3.688236185627341,3560.0,1900.0,51.51878965384613,-0.1345562307692307,Medio,?-1900
50,Robin_education_Audrea,42.70307557888287,2584.0,2006.0,51.51878965384613,-0.1345562307692307,Medio,2000-...
51,Robin_education_Karyl,6.989314818683155,2992.0,,51.51878965384613,-0.1345562307692307,Medio,
52,Fox_education_Virginia,2.956322856099548,1186.7,,33.42442530000004,-111.9281403999998,Medio,
53,Fox_education_Lilly,5.572158352606589,12236.3,1991.0,33.42442530000004,-111.9281403999998,Grande,1951-2000
54,Fox_education_Kris,13.329722907488987,2837.5,,33.42442530000004,-111.9281403999998,Medio,
55,Fox_education_Gayla,2.8773544620631792,7271.3,1964.0,33.42442530000004,-111.9281403999998,Medio,1951-2000
56,Fox_education_Andre,9.48951903895799,17044.0,2005.0,33.42442530000004,-111.9281403999998,Grande,2000-...
57,Fox_education_Willis,37.39542369150206,24265.1,,33.42442530000004,-111.9281403999998,Grande,
58,Fox_education_Charles,6.350041698742624,909.3,,33.42442530000004,-111.9281403999998,Pequeno,
59,Fox_education_Leota,6.491736893477267,12311.3,1992.0,33.42442530000004,-111.9281403999998,Grande,1951-2000
60,Fox_education_Theodore,8.690432054051207,11389.2,1971.0,33.42442530000004,-111.9281403999998,Grande,1951-2000
61,Fox_education_Dewayne,3.2670950755701496,8892.4,,33.42442530000004,-111.9281403999998,Grande,
62,Fox_education_Jacqueline,0.5601184522447227,11797.3,1979.0,33.42442530000004,-111.9281403999998,Grande,1951-2000
63,Fox_education_Yolande,11.573648685777545,16681.6,2006.0,33.42442530000004,-111.9281403999998,Grande,2000-...
64,Fox_education_Lesley,2.8955001285677557,1555.6,,33.42442530000004,-111.9281403999998,Medio,
65,Fox_education_Maris,3.5907768194620786,2284.1,,33.42442530000004,-111.9281403999998,Medio,
66,Fox_education_John,4.450150032331424,4587.9,1967.0,33.42442530000004,-111.9281403999998,Medio,1951-2000
67,Fox_education_Marcelina,3.871693072188955,400.8,1907.0,33.42442530000004,-111.9281403999998,Pequeno,1901-1950
68,Fox_education_Sterling,1.9301223437068782,4106.6,1950.0,33.42442530000004,-111.9281403999998,Medio,1901-1950
69,Fox_education_Elvira,5.038291855612691,13826.7,2014.0,33.42442530000004,-111.9281403999998,Grande,2000-...
70,Fox_education_Ollie,5.872361909382698,6698.5,1970.0,33.42442530000004,-111.9281403999998,Medio,1951-2000
71,Fox_education_Elois,6.414930455635492,695.0,1969.0,33.42442530000004,-111.9281403999998,Pequeno,1951-2000
72,Fox_education_Melinda,7.7047875207624426,18984.6,1993.0,33.42442530000004,-111.9281403999998,Grande,1951-2000
73,Fox_education_Geoffrey,3.3641563706007718,12731.4,1957.0,33.42442530000004,-111.9281403999998,Grande,1951-2000
74,Fox_education_Vernon,4.623488729731378,3825.7,,33.42442530000004,-111.9281403999998,Medio,
75,Fox_education_Tamika,6.872198807339816,8339.9,,33.42442530000004,-111.9281403999998,Grande,
76,Fox_education_Janina,5.062601421074357,8479.5,1951.0,33.42442530000004,-111.9281403999998,Grande,
77,Fox_education_Burton,2.5183191403081917,7028.1,,33.42442530000004,-111.9281403999998,Medio,
78,Fox_education_Gloria,17.213992369121563,14087.5,1983.0,33.42442530000004,-111.9281403999998,Grande,1951-2000
79,Fox_education_Nilda,4.772344368700503,10371.2,1989.0,33.42442530000004,-111.9281403999998,Grande,1951-2000
80,Fox_education_Ashli,14.105503199198274,864.8,1970.0,33.42442530000004,-111.9281403999998,Pequeno,1951-2000
81,Fox_education_Miguelina,4.326970410851624,7831.7,,33.42442530000004,-111.9281403999998,Medio,
82,Fox_education_Long,4.247458384706199,12733.7,1964.0,33.42442530000004,-111.9281403999998,Grande,1951-2000
83,Fox_education_Louie,1.7129571137625261,16645.2,1971.0,33.42442530000004,-111.9281403999998,Grande,1951-2000
84,Fox_education_Shaun,4.157075506153436,6616.9,,33.42442530000004,-111.9281403999998,Medio,
85,Fox_education_Kim,3.6950338112450494,5782.1,1970.0,33.42442530000004,-111.9281403999998,Medio,1951-2000
86,Fox_education_Otilia,11.174603549199478,30403.1,2012.0,33.42442530000004,-111.9281403999998,Grande,2000-...
87,Fox_education_Tonya,7.103100441291982,8444.9,,33.42442530000004,-111.9281403999998,Grande,
88,Fox_education_Elizabeth,5.8469043284549755,25295.4,1955.0,33.42442530000004,-111.9281403999998,Grande,1951-2000
89,Fox_education_Eddy,8.278162376744781,13015.0,,33.42442530000004,-111.9281403999998,Grande,
90,Fox_education_Melvin,9.170894302728517,2289.4,1982.0,33.42442530000004,-111.9281403999998,Medio,1951-2000
91,Fox_education_Eldon,15.74198320581457,4613.7,1964.0,33.42442530000004,-111.9281403999998,Medio,1951-2000
92,Fox_education_Suzan,3.40154786709069,4559.5,1914.0,33.42442530000004,-111.9281403999998,Medio,1901-1950
93,Fox_education_Shirley,4.460011079888735,8220.6,,33.42442530000004,-111.9281403999998,Grande,
94,Fox_education_Claude,19.717784856179748,17957.6,2006.0,33.42442530000004,-111.9281403999998,Grande,2000-...
95,Fox_education_Maureen,1.958173700121716,22757.9,2008.0,33.42442530000004,-111.9281403999998,Grande,2000-...
96,Fox_education_Dominique,7.69852718864079,8930.2,1959.0,33.42442530000004,-111.9281403999998,Grande,1951-2000
97,Fox_education_Stacia,8.589468416015313,3134.5,1939.0,33.42442530000004,-111.9281403999998,Medio,1901-1950
98,Fox_education_Ray,15.48071418529453,1185.5,1909.0,33.42442530000004,-111.9281403999998,Medio,1901-1950
99,Fox_education_Marlana,10.848981084731067,5997.8,1965.0,33.42442530000004,-111.9281403999998,Medio,1951-2000
100,Fox_education_Rudolph,3.807850924141868,2335.5,1970.0,33.42442530000004,-111.9281403999998,Medio,1951-2000
101,Fox_education_Leona,3.781122407572962,26286.5,2003.0,33.42442530000004,-111.9281403999998,Grande,2000-...
102,Fox_education_Kendrick,3.873074030087094,1052.5,,33.42442530000004,-111.9281403999998,Medio,
103,Fox_education_Heriberto,4.352756515256516,3174.6,,33.42442530000004,-111.9281403999998,Medio,
104,Fox_education_Carleen,5.782422597158588,6635.2,,33.42442530000004,-111.9281403999998,Medio,
105,Fox_education_Cynthia,10.98465713041827,7197.1,,33.42442530000004,-111.9281403999998,Medio,
106,Fox_education_Rosie,5.664805895656704,8445.2,,33.42442530000004,-111.9281403999998,Grande,
107,Fox_education_Shawanda,5.4191694441551235,960.1,,33.42442530000004,-111.9281403999998,Pequeno,
108,Fox_education_Henrietta,19.152094097385316,425.8,,33.42442530000004,-111.9281403999998,Pequeno,
109,Fox_education_Virgil,5.404456761391475,6123.0,1964.0,33.42442530000004,-111.9281403999998,Medio,1951-2000
110,Fox_education_Claire,2.5831475877112213,8145.1,1960.0,33.42442530000004,-111.9281403999998,Grande,1951-2000
111,Fox_education_Wendell,9.602870360385971,20402.2,1992.0,33.42442530000004,-111.9281403999998,Grande,1951-2000
112,Fox_education_Etta,16.47195831017232,4497.5,,33.42442530000004,-111.9281403999998,Medio,
113,Fox_education_Delma,3.746902103868286,9181.5,1968.0,33.42442530000004,-111.9281403999998,Grande,1951-2000
114,Fox_education_Jaclyn,10.486988168257998,6619.2,2004.0,33.42442530000004,-111.9281403999998,Medio,2000-...
115,Rat_education_Adrian,4.94646193945906,5956.3,1924.0,38.9035039800032,-77.0053494170663,Medio,1901-1950
116,Rat_education_Lee,5.551853276407457,26291.5,2014.0,38.9035039800032,-77.0053494170663,Grande,2000-...
117,Rat_education_Alfonso,18.34377273091658,7900.4,1925.0,38.9035039800032,-77.0053494170663,Medio,1901-1950
118,Rat_education_Kathryn,6.3108456815253176,30213.6,2006.0,38.9035039800032,-77.0053494170663,Grande,2000-...
119,Rat_education_Keith,4.17775828698003,9420.4,1930.0,38.9035039800032,-77.0053494170663,Grande,1901-1950
120,Rat_education_Morton,4.300714469127577,14409.3,1931.0,38.9035039800032,-77.0053494170663,Grande,1901-1950
121,Rat_education_Willy,3.612922539105219,8138.3,1946.0,38.9035039800032,-77.0053494170663,Grande,1901-1950
122,Rat_education_Davis,3.623224693646381,8092.5,,38.9035039800032,-77.0053494170663,Grande,
123,Rat_education_Edmund,2.6275191386657606,6187.3,1959.0,38.9035039800032,-77.0053494170663,Medio,1951-2000
124,Rat_education_Conrad,1.8557760241079213,33073.5,2014.0,38.9035039800032,-77.0053494170663,Grande,2000-...
125,Rat_education_Verna,5.020850707632301,6187.3,1970.0,38.9035039800032,-77.0053494170663,Medio,1951-2000
126,Rat_education_Kandice,2.6802880843003263,9643.3,,38.9035039800032,-77.0053494170663,Grande,
127,Rat_education_Carmela,7.076111603370796,4457.9,2002.0,38.9035039800032,-77.0053494170663,Medio,2000-...
128,Rat_education_Donnell,1.3884230096532995,7413.7,1924.0,38.9035039800032,-77.0053494170663,Medio,1901-1950
129,Rat_education_Lincoln,5.504990114633413,10857.8,1931.0,38.9035039800032,-77.0053494170663,Grande,1901-1950
130,Rat_education_Alfred,7.641671823298268,19230.9,1935.0,38.9035039800032,-77.0053494170663,Grande,1901-1950
131,Rat_education_Jesse,3.1402093751085185,3839.6,,38.9035039800032,-77.0053494170663,Medio,
132,Rat_education_Leonardo,3.9539408969973393,4385.0,1935.0,38.9035039800032,-77.0053494170663,Medio,1901-1950
133,Rat_education_Moises,7.669282206057185,7794.6,1950.0,38.9035039800032,-77.0053494170663,Medio,1901-1950
134,Rat_education_Imelda,0.26830769545194433,3669.7,,38.9035039800032,-77.0053494170663,Medio,
135,Rat_education_Roxanne,2.7646501392628666,15115.3,1977.0,38.9035039800032,-77.0053494170663,Grande,1951-2000
136,Rat_education_Lynn,4.656850892065815,7785.3,,38.9035039800032,-77.0053494170663,Medio,
137,Rat_education_Marvin,3.7468095371846917,5518.4,1900.0,38.9035039800032,-77.0053494170663,Medio,?-1900
138,Rat_education_Beverly,7.600911050674156,36603.8,2013.0,38.9035039800032,-77.0053494170663,Grande,2000-...
139,Rat_education_Matt,4.992493544832181,10405.1,,38.9035039800032,-77.0053494170663,Grande,
140,Rat_education_Penny,6.9944070599640735,7014.2,2007.0,38.9035039800032,-77.0053494170663,Medio,2000-...
141,Rat_education_Terese,2.5785361289679574,16722.5,1939.0,38.9035039800032,-77.0053494170663,Grande,1901-1950
142,Rat_education_Irma,4.145187445477799,6763.3,1959.0,38.9035039800032,-77.0053494170663,Medio,1951-2000
143,Rat_education_Calvin,2.584718949504851,5304.8,2015.0,38.9035039800032,-77.0053494170663,Medio,2000-...
144,Rat_education_Earnest,4.148100445051424,5564.9,1962.0,38.9035039800032,-77.0053494170663,Medio,1951-2000
145,Rat_education_Earl,8.12406713419275,7051.3,1974.0,38.9035039800032,-77.0053494170663,Medio,1951-2000
146,Rat_education_Wilmer,5.971550857424691,6150.2,1950.0,38.9035039800032,-77.0053494170663,Medio,1901-1950
147,Rat_education_Stuart,2.2672275074422297,7636.6,1916.0,38.9035039800032,-77.0053494170663,Medio,1901-1950
148,Rat_education_Mavis,6.063665293929299,14678.7,1959.0,38.9035039800032,-77.0053494170663,Grande,1951-2000
149,Rat_education_Marianna,5.129103638507538,5936.5,1921.0,38.9035039800032,-77.0053494170663,Medio,1901-1950
150,Rat_education_Chance,2.2492168502360173,5592.8,1964.0,38.9035039800032,-77.0053494170663,Medio,1951-2000
151,Rat_education_Dana,5.662930381350563,6577.5,1964.0,38.9035039800032,-77.0053494170663,Medio,1951-2000
152,Rat_education_Willie,8.735534795034692,9680.5,2009.0,38.9035039800032,-77.0053494170663,Grande,2000-...
153,Rat_education_Eleonora,7.132881519996007,10683.8,2004.0,38.9035039800032,-77.0053494170663,Grande,2000-...
154,Rat_education_Debra,8.419547497126137,4784.5,1931.0,38.9035039800032,-77.0053494170663,Medio,1901-1950
155,Rat_education_Mose,3.285083330886982,10219.3,,38.9035039800032,-77.0053494170663,Grande,
156,Rat_education_Marcos,18.504125438575603,8398.4,,38.9035039800032,-77.0053494170663,Grande,
157,Rat_education_Liz,5.006296044978674,6447.5,1911.0,38.9035039800032,-77.0053494170663,Medio,1901-1950
158,Rat_education_Jacob,3.882918690843815,5310.8,2014.0,38.9035039800032,-77.0053494170663,Medio,2000-...
159,Rat_education_Zina,3.472007348690494,5304.8,1960.0,38.9035039800032,-77.0053494170663,Medio,1951-2000
160,Rat_education_Barbara,0.02496587444346639,20903.2,,38.9035039800032,-77.0053494170663,Grande,
161,Rat_education_Sherwood,4.403399650258628,8835.1,1927.0,38.9035039800032,-77.0053494170663,Grande,1901-1950
162,Rat_education_Pat,5.430297475782968,13461.6,,38.9035039800032,-77.0053494170663,Grande,
163,Rat_education_Abigail,5.70629872079585,8825.8,1976.0,38.9035039800032,-77.0053494170663,Grande,1951-2000
164,Rat_education_Gricelda,5.609123751935502,2081.0,,38.9035039800032,-77.0053494170663,Medio,
165,Rat_education_Renee,4.133287132448986,3445.1,1908.0,38.9035039800032,-77.0053494170663,Medio,1901-1950
166,Rat_education_Patty,3.9543987505408342,15793.5,1956.0,38.9035039800032,-77.0053494170663,Grande,1951-2000
167,Rat_education_Mona,5.783910535009513,4923.9,1912.0,38.9035039800032,-77.0053494170663,Medio,1901-1950
168,Rat_education_Elsie,1.5044124002485328,34978.6,2011.0,38.9035039800032,-77.0053494170663,Grande,2000-...
169,Rat_education_Winnie,3.614429504778875,5499.9,1959.0,38.9035039800032,-77.0053494170663,Medio,1951-2000
170,Rat_education_Everett,8.073023604793653,8024.5,1903.0,38.9035039800032,-77.0053494170663,Grande,1901-1950
171,Rat_education_Alyson,0.7219294017851979,15561.3,,38.9035039800032,-77.0053494170663,Grande,
172,Rat_education_Tristan,1.0477758442015523,10228.6,1907.0,38.9035039800032,-77.0053494170663,Grande,1901-1950
173,Rat_education_Mac,5.784939019399198,6108.5,,38.9035039800032,-77.0053494170663,Medio,
174,Rat_education_Adell,5.875817748971363,9689.2,1976.0,38.9035039800032,-77.0053494170663,Grande,1951-2000
175,Rat_education_Theo,7.68582467710756,26830.4,1923.0,38.9035039800032,-77.0053494170663,Grande,1901-1950
176,Rat_education_Nydia,6.811075199414281,7785.3,1944.0,38.9035039800032,-77.0053494170663,Medio,1901-1950
177,Rat_education_Francisca,1.297971419848407,6605.4,,38.9035039800032,-77.0053494170663,Medio,
178,Rat_education_Barney,1.5009690972222223,7200.0,,38.9035039800032,-77.0053494170663,Medio,
179,Rat_education_Rosalyn,4.308039395896468,6038.7,,38.9035039800032,-77.0053494170663,Medio,
180,Rat_education_Jame,6.7178734658427555,3511.7,,38.9035039800032,-77.0053494170663,Medio,
181,Rat_education_Elisa,3.965536551683855,3994.8,1923.0,38.9035039800032,-77.0053494170663,Medio,1901-1950
182,Rat_education_Cecil,3.8194965176931697,5681.1,,38.9035039800032,-77.0053494170663,Medio,
183,Rat_education_Cedric,5.5207680888082,6169.1,,38.9035039800032,-77.0053494170663,Medio,
184,Rat_education_Salvatore,6.663656619138637,4551.7,2015.0,38.9035039800032,-77.0053494170663,Medio,2000-...
185,Rat_education_Nona,1.5047852706781037,25204.6,1940.0,38.9035039800032,-77.0053494170663,Grande,1901-1950
186,Rat_education_Fernando,4.181879906931984,5472.7,1910.0,38.9035039800032,-77.0053494170663,Medio,1901-1950
187,Rat_education_Shellie,4.579381972565443,5778.6,,38.9035039800032,-77.0053494170663,Medio,
188,Rat_education_Bryant,3.2357835214970616,6466.0,1949.0,38.9035039800032,-77.0053494170663,Medio,1901-1950
189,Rat_education_Maricela,7.841499574698423,6466.0,1978.0,38.9035039800032,-77.0053494170663,Medio,1951-2000
190,Rat_education_Ulrike,8.808550036663966,4318.5,1932.0,38.9035039800032,-77.0053494170663,Medio,1901-1950
191,Rat_education_Milagros,4.394138443240053,9262.4,1955.0,38.9035039800032,-77.0053494170663,Grande,1951-2000
192,Rat_education_Zoe,5.30597234070053,6447.5,1959.0,38.9035039800032,-77.0053494170663,Medio,1951-2000
193,Rat_education_Dreama,3.2257539391033165,9801.3,,38.9035039800032,-77.0053494170663,Grande,
194,Rat_education_Tim,5.413066898562548,4412.9,1968.0,38.9035039800032,-77.0053494170663,Medio,1951-2000
195,Rat_education_Royal,3.755728950211952,7218.6,,38.9035039800032,-77.0053494170663,Medio,
196,Rat_education_Humberto,8.54047036498708,9288.0,1968.0,38.9035039800032,-77.0053494170663,Grande,1951-2000
197,Rat_education_Veronica,3.8523985177522584,14307.1,2015.0,38.9035039800032,-77.0053494170663,Grande,2000-...
198,Rat_education_Rogelio,7.966123542384405,5834.3,2014.0,38.9035039800032,-77.0053494170663,Medio,2000-...
199,Rat_education_Kristie,6.431205943769541,5778.6,2004.0,38.9035039800032,-77.0053494170663,Medio,2000-...
200,Rat_education_Kelsey,6.426665971289031,9227.6,1927.0,38.9035039800032,-77.0053494170663,Grande,1901-1950
201,Rat_education_Brett,3.0352510105598567,10126.4,1940.0,38.9035039800032,-77.0053494170663,Grande,1901-1950
202,Rat_education_Vicky,3.7546201156000873,18004.6,,38.9035039800032,-77.0053494170663,Grande,
203,Rat_education_Denise,4.731965374439204,6085.1,1971.0,38.9035039800032,-77.0053494170663,Medio,1951-2000
204,Rat_education_Robyn,5.926424396774088,9188.1,1961.0,38.9035039800032,-77.0053494170663,Grande,1951-2000
205,Rat_education_Romana,1.4878214226239137,4403.6,1929.0,38.9035039800032,-77.0053494170663,Medio,1901-1950
206,Rat_education_Paula,6.272963773148148,7200.0,1942.0,38.9035039800032,-77.0053494170663,Medio,1901-1950
207,Rat_education_Meghan,4.245240966056487,4561.5,1911.0,38.9035039800032,-77.0053494170663,Medio,1901-1950
208,Rat_education_Yu,14.294724556489262,2034.9,1931.0,38.9035039800032,-77.0053494170663,Medio,1901-1950
209,Rat_education_Cinthia,1.3223211327182547,6438.2,2017.0,38.9035039800032,-77.0053494170663,Medio,2000-...
210,Rat_education_Nellie,5.982179065651557,26217.2,1928.0,38.9035039800032,-77.0053494170663,Grande,1901-1950
211,Rat_education_Deanna,5.189907337387909,6215.2,1969.0,38.9035039800032,-77.0053494170663,Medio,1951-2000
212,Rat_education_Sina,6.992908037009498,8203.3,1909.0,38.9035039800032,-77.0053494170663,Grande,1901-1950
213,Rat_education_Candida,14.325630218817565,3576.8,2016.0,38.9035039800032,-77.0053494170663,Medio,2000-...
214,Rat_education_Dianne,7.262284390853614,6800.5,1959.0,38.9035039800032,-77.0053494170663,Medio,1951-2000
215,Rat_education_Esther,5.716031742963192,6466.0,1908.0,38.9035039800032,-77.0053494170663,Medio,1901-1950
216,Rat_education_Guillermo,5.351335692291071,7404.4,1932.0,38.9035039800032,-77.0053494170663,Medio,1901-1950
217,Rat_education_Alonzo,8.226764608095753,6015.5,1932.0,38.9035039800032,-77.0053494170663,Medio,1901-1950
218,Rat_education_Susana,0.050814734092035053,28056.7,,38.9035039800032,-77.0053494170663,Grande,
219,Rat_education_Colin,2.9469214495596767,7748.1,1942.0,38.9035039800032,-77.0053494170663,Medio,1901-1950
220,Rat_education_Dann,4.175300037944024,16954.8,1970.0,38.9035039800032,-77.0053494170663,Grande,1951-2000
221,Rat_education_Jeanne,1.9492645014990058,4598.7,1962.0,38.9035039800032,-77.0053494170663,Medio,1951-2000
222,Rat_education_Lonnie,4.788582748500245,4645.2,1928.0,38.9035039800032,-77.0053494170663,Medio,1901-1950
223,Rat_education_Jena,16.001146589037255,3804.4,1910.0,38.9035039800032,-77.0053494170663,Medio,1901-1950
224,Rat_education_Tania,5.7058735109914105,21832.2,2013.0,38.9035039800032,-77.0053494170663,Grande,2000-...
225,Rat_education_Angelica,5.382038788298159,5202.6,1964.0,38.9035039800032,-77.0053494170663,Medio,1951-2000
226,Bear_education_Lidia,1.6491564369932372,2824.3,,37.87190340000004,-122.26072860000008,Medio,
227,Bear_education_Nanette,6.604997739343684,6150.5,2015.0,37.87190340000004,-122.26072860000008,Medio,2000-...
228,Bear_education_Lewis,1.8295574304935014,4588.3,1931.0,37.87190340000004,-122.26072860000008,Medio,1901-1950
229,Bear_education_Darrell,2.807875109850222,5234.4,1905.0,37.87190340000004,-122.26072860000008,Medio,1901-1950
230,Bear_education_Thuy,3.3175550550575457,25122.2,1971.0,37.87190340000004,-122.26072860000008,Grande,1951-2000
231,Bear_education_Mara,15.844691920167797,11903.3,1966.0,37.87190340000004,-122.26072860000008,Grande,1951-2000
232,Bear_education_Bulah,23.21129502576733,20504.0,2011.0,37.87190340000004,-122.26072860000008,Grande,2000-...
233,Bear_education_Iris,3.120047128043007,5456.5,1923.0,37.87190340000004,-122.26072860000008,Medio,1901-1950
234,Bear_education_Rebecca,20.361016519949764,14279.2,1990.0,37.87190340000004,-122.26072860000008,Grande,1951-2000
235,Bear_education_Herb,2.1548703126177022,2212.5,1914.0,37.87190340000004,-122.26072860000008,Medio,1901-1950
236,Bear_education_Tara,1.7675843439160648,733.9,1923.0,37.87190340000004,-122.26072860000008,Pequeno,1901-1950
237,Bear_education_Augusta,2.9041048920784616,14017.9,1959.0,37.87190340000004,-122.26072860000008,Grande,1951-2000
238,Bear_education_Maryjane,14.794394475458756,7998.1,1964.0,37.87190340000004,-122.26072860000008,Medio,1951-2000
239,Bear_education_Curtis,6.174094772734655,4104.6,1917.0,37.87190340000004,-122.26072860000008,Medio,1901-1950
240,Bear_education_Arnold,1.1217351365827533,186.7,1957.0,37.87190340000004,-122.26072860000008,Pequeno,1951-2000
241,Bear_education_Chana,2.0650153248979737,3781.7,1958.0,37.87190340000004,-122.26072860000008,Medio,1951-2000
242,Bear_education_Sandy,1.8556926566740688,1351.0,1920.0,37.87190340000004,-122.26072860000008,Medio,1901-1950
243,Bear_education_Holly,0.5829025280121731,722.9,1910.0,37.87190340000004,-122.26072860000008,Pequeno,1901-1950
244,Bear_education_Gavin,4.622038585873401,7158.6,1917.0,37.87190340000004,-122.26072860000008,Medio,1901-1950
245,Bear_education_Paola,4.1408463079114135,12802.6,1967.0,37.87190340000004,-122.26072860000008,Grande,1951-2000
246,Bear_education_Santos,2.286850839324094,1349.3,1964.0,37.87190340000004,-122.26072860000008,Medio,1951-2000
247,Bear_education_Deena,1.795399728582804,1716.3,1923.0,37.87190340000004,-122.26072860000008,Medio,1901-1950
248,Bear_education_Lorie,12.966127766555484,11212.8,2012.0,37.87190340000004,-122.26072860000008,Grande,2000-...
249,Bear_education_Merrill,2.5689117830391823,3235.3,1999.0,37.87190340000004,-122.26072860000008,Medio,1951-2000
250,Bear_education_Oscar,1.991630917531903,2186.3,1906.0,37.87190340000004,-122.26072860000008,Medio,1901-1950
251,Bear_education_Marta,3.4324667394297173,4455.1,1980.0,37.87190340000004,-122.26072860000008,Medio,1951-2000
252,Bear_education_Danna,3.8934161781395096,9663.4,1960.0,37.87190340000004,-122.26072860000008,Grande,1951-2000
253,Bear_education_Destiny,9.784584927259447,5157.6,1978.0,37.87190340000004,-122.26072860000008,Medio,1951-2000
254,Bear_education_Patricia,13.633921680101201,16996.0,1963.0,37.87190340000004,-122.26072860000008,Grande,1951-2000
255,Bear_education_Lila,6.894596026103212,11483.9,1961.0,37.87190340000004,-122.26072860000008,Grande,1951-2000
256,Bear_education_Zandra,25.978363072874266,14372.7,2009.0,37.87190340000004,-122.26072860000008,Grande,2000-...
257,Bear_education_Elise,2.5648909709989938,20664.8,1964.0,37.87190340000004,-122.26072860000008,Grande,1951-2000
258,Bear_education_Bob,1.6389762380569552,28360.3,1952.0,37.87190340000004,-122.26072860000008,Grande,1951-2000
259,Bear_education_Sharon,7.867777666913735,5261.7,1953.0,37.87190340000004,-122.26072860000008,Medio,1951-2000
260,Bear_education_Yuri,1.7659544035725898,3793.7,1931.0,37.87190340000004,-122.26072860000008,Medio,1901-1950
261,Bear_education_Wilton,19.91635922353991,28273.4,2006.0,37.87190340000004,-122.26072860000008,Grande,2000-...
262,Bear_education_Fannie,14.666883946669138,10788.0,1996.0,37.87190340000004,-122.26072860000008,Grande,1951-2000
263,Bear_education_Chad,9.498835942994514,39101.5,1930.0,37.87190340000004,-122.26072860000008,Grande,1901-1950
264,Bear_education_Derek,10.403828927104723,6331.0,1948.0,37.87190340000004,-122.26072860000008,Medio,1901-1950
265,Bear_education_Carlo,1.136328125792383,1314.6,1974.0,37.87190340000004,-122.26072860000008,Medio,1951-2000
266,Bear_education_Pattie,7.681671441301814,8032.9,2014.0,37.87190340000004,-122.26072860000008,Grande,2000-...
267,Bear_education_Marsha,3.0935801009895156,10304.7,1941.0,37.87190340000004,-122.26072860000008,Grande,1901-1950
268,Bear_education_Chun,8.058316069695206,4292.5,1941.0,37.87190340000004,-122.26072860000008,Medio,1901-1950
269,Bear_education_Clint,5.490806780960572,3836.6,1959.0,37.87190340000004,-122.26072860000008,Medio,1951-2000
270,Bear_education_Owen,3.0755616331921933,17949.0,1964.0,37.87190340000004,-122.26072860000008,Grande,1951-2000
271,Bear_education_Herman,0.2956411576067456,371.6,1910.0,37.87190340000004,-122.26072860000008,Pequeno,1901-1950
272,Bear_education_Deborah,0.5920782303252443,791.2,1920.0,37.87190340000004,-122.26072860000008,Pequeno,1901-1950
273,Bear_education_Katy,3.2856191847359772,13752.6,1924.0,37.87190340000004,-122.26072860000008,Grande,1901-1950
274,Bear_education_Laurette,4.511661254310274,4079.4,1912.0,37.87190340000004,-122.26072860000008,Medio,1901-1950
275,Bear_education_Leonel,6.1184240199936095,6988.9,1993.0,37.87190340000004,-122.26072860000008,Medio,1951-2000
276,Bear_education_Val,8.374374564356796,16469.9,1964.0,37.87190340000004,-122.26072860000008,Grande,1951-2000
277,Bear_education_Marie,1.8470457859518836,4739.9,1924.0,37.87190340000004,-122.26072860000008,Medio,1901-1950
278,Bear_education_Benjamin,0.3714182035953531,786.2,,37.87190340000004,-122.26072860000008,Pequeno,
279,Bear_education_Austin,3.8211780278789664,2031.4,1911.0,37.87190340000004,-122.26072860000008,Medio,1901-1950
280,Bear_education_Bonita,0.19853876541623844,389.2,1929.0,37.87190340000004,-122.26072860000008,Pequeno,1901-1950
281,Bear_education_Wm,2.1176919710412108,8679.0,1948.0,37.87190340000004,-122.26072860000008,Grande,1901-1950
282,Bear_education_Shelley,2.7185523516304126,22378.8,1962.0,37.87190340000004,-122.26072860000008,Grande,1951-2000
283,Bear_education_Alvaro,14.661081030864377,10181.1,1994.0,37.87190340000004,-122.26072860000008,Grande,1951-2000
284,Bear_education_Benita,14.136076780333582,13142.2,1907.0,37.87190340000004,-122.26072860000008,Grande,1901-1950
285,Bear_education_Millie,1.969530262959045,661.7,1909.0,37.87190340000004,-122.26072860000008,Pequeno,1901-1950
286,Bear_education_Irene,13.597914441085946,2415.1,1954.0,37.87190340000004,-122.26072860000008,Medio,1951-2000
287,Bear_education_Wade,1.9093218734996082,10552.8,1958.0,37.87190340000004,-122.26072860000008,Grande,1951-2000
288,Bear_education_Babara,15.750136540710855,8749.1,1964.0,37.87190340000004,-122.26072860000008,Grande,1951-2000
289,Bear_education_Liliana,9.516917408234516,19143.0,1950.0,37.87190340000004,-122.26072860000008,Grande,1901-1950
290,Bear_education_Alfredo,0.11682627500819942,609.8,1909.0,37.87190340000004,-122.26072860000008,Pequeno,1901-1950
291,Bear_education_Yvette,2.887708658168282,1423.8,1954.0,37.87190340000004,-122.26072860000008,Medio,1951-2000
292,Bear_education_Lashanda,2.3845292324863943,10945.3,1959.0,37.87190340000004,-122.26072860000008,Grande,1951-2000
293,Lamb_education_Daniel,1.7561412418528861,1432.0,1976.0,51.49783804108846,-3.186245571244898,Medio,1951-2000
294,Lamb_education_Gabriel,1.2889181790545674,2193.0,1976.0,51.49783804108846,-3.186245571244898,Medio,1951-2000
295,Lamb_education_Domitila,1.5643420628933251,12924.0,1976.0,51.49783804108846,-3.186245571244898,Grande,1951-2000
296,Lamb_education_Debby,1.232759367612293,2961.0,1919.0,51.49783804108846,-3.186245571244898,Medio,1901-1950
297,Lamb_education_Ira,1.086278971851145,1048.0,1976.0,51.49783804108846,-3.186245571244898,Medio,1951-2000
298,Lamb_education_Luz,1.924151020329444,14474.9,2013.0,51.49783804108846,-3.186245571244898,Grande,2000-...
299,Lamb_education_Bert,0.8509726973227909,2403.0,1919.0,51.49783804108846,-3.186245571244898,Medio,1901-1950
300,Lamb_education_Nichol,0.1598965603323424,4373.0,1945.0,51.49783804108846,-3.186245571244898,Medio,1901-1950
301,Lamb_education_Traci,0.563983084667637,1374.0,1976.0,51.49783804108846,-3.186245571244898,Medio,1951-2000
302,Lamb_education_Camille,1.621063739815105,6382.0,1966.0,51.49783804108846,-3.186245571244898,Medio,1951-2000
303,Lamb_education_Harold,1.6625316252805833,1188.0,1966.0,51.49783804108846,-3.186245571244898,Medio,1951-2000
304,Lamb_education_Renae,0.2093522093522094,6993.0,1966.0,51.49783804108846,-3.186245571244898,Medio,1951-2000
305,Lamb_education_Darrel,1.2213446316991359,11954.9,1966.0,51.49783804108846,-3.186245571244898,Grande,1951-2000
306,Lamb_education_Felipe,1.3111836997964093,9005.0,1966.0,51.49783804108846,-3.186245571244898,Grande,1951-2000
307,Lamb_education_Rodrigo,1.9968072837046673,6149.0,1976.0,51.49783804108846,-3.186245571244898,Medio,1951-2000
308,Lamb_education_Chet,0.8980911835188621,1078.0,1945.0,51.49783804108846,-3.186245571244898,Medio,1901-1950
309,Lamb_education_Emery,1.4425072000723707,10133.0,1966.0,51.49783804108846,-3.186245571244898,Grande,1951-2000
310,Lamb_education_Isabelle,2.144804993342211,2253.0,1966.0,51.49783804108846,-3.186245571244898,Medio,1951-2000
311,Lamb_education_Lawrence,1.2555736973090683,2143.0,1976.0,51.49783804108846,-3.186245571244898,Medio,1951-2000
312,Lamb_education_Randal,1.0677854742345034,2678.0,1976.0,51.49783804108846,-3.186245571244898,Medio,1951-2000
313,Lamb_education_Faith,1.6620930364224589,1597.0,1919.0,51.49783804108846,-3.186245571244898,Medio,1901-1950
314,Lamb_education_Robin,1.6147510935486316,8794.0,1976.0,51.49783804108846,-3.186245571244898,Grande,1951-2000
315,Lamb_education_Maritza,0.6969307252812315,2815.0,1966.0,51.49783804108846,-3.186245571244898,Medio,1951-2000
316,Lamb_education_Hui,1.2488567266031196,3462.0,1919.0,51.49783804108846,-3.186245571244898,Medio,1901-1950
317,Lamb_education_Sara,1.3061581950981518,8711.0,1945.0,51.49783804108846,-3.186245571244898,Grande,1901-1950
318,Lamb_education_Aldo,1.0063958276721015,736.0,1966.0,51.49783804108846,-3.186245571244898,Pequeno,1951-2000
319,Lamb_education_Maxwell,0.7954176280834915,2635.0,1919.0,51.49783804108846,-3.186245571244898,Medio,1901-1950
320,Lamb_education_Sabrina,1.028243834115806,1065.0,1976.0,51.49783804108846,-3.186245571244898,Medio,1951-2000
321,Lamb_education_Gabrielle,0.7476901649170555,2572.0,1919.0,51.49783804108846,-3.186245571244898,Medio,1901-1950
322,Lamb_education_Alina,0.8358465547860061,1877.0,1976.0,51.49783804108846,-3.186245571244898,Medio,1951-2000
323,Lamb_education_Mckenzie,1.154905669299744,11710.0,1966.0,51.49783804108846,-3.186245571244898,Grande,1951-2000
324,Lamb_education_Stefan,1.3013234115915078,2151.0,1976.0,51.49783804108846,-3.186245571244898,Medio,1951-2000
325,Lamb_education_Lemuel,2.0834696821900565,1589.0,1966.0,51.49783804108846,-3.186245571244898,Medio,1951-2000
326,Lamb_education_Sylvester,0.47554492065353343,2132.0,1976.0,51.49783804108846,-3.186245571244898,Medio,1951-2000
327,Lamb_education_Philomena,1.0386496203790971,12732.0,1966.0,51.49783804108846,-3.186245571244898,Grande,1951-2000
328,Lamb_education_Willetta,4.149423658352232e-05,3528.0,1976.0,51.49783804108846,-3.186245571244898,Medio,1951-2000
329,Lamb_education_Lucas,1.0101302221262713,1737.0,1919.0,51.49783804108846,-3.186245571244898,Medio,1901-1950
330,Lamb_education_Lazaro,0.8725083239341302,8866.0,1966.0,51.49783804108846,-3.186245571244898,Grande,1951-2000
331,Lamb_education_Rick,1.3805488767887204,1584.0,1966.0,51.49783804108846,-3.186245571244898,Medio,1951-2000
332,Lamb_education_Jane,1.198956723382547,2777.0,1966.0,51.49783804108846,-3.186245571244898,Medio,1951-2000
333,Lamb_education_Norris,1.1057226811481367,3211.0,1966.0,51.49783804108846,-3.186245571244898,Medio,1951-2000
334,Lamb_education_Leopoldo,0.6888617637215528,3984.0,1976.0,51.49783804108846,-3.186245571244898,Medio,1951-2000
335,Lamb_education_Kayla,1.2322583264405846,2418.0,1919.0,51.49783804108846,-3.186245571244898,Medio,1901-1950
336,Lamb_education_Eula,0.13569622907413734,2927.0,1919.0,51.49783804108846,-3.186245571244898,Medio,1901-1950
337,Lamb_education_Williams,1.1703274818291944,8255.0,1976.0,51.49783804108846,-3.186245571244898,Grande,1951-2000
338,Lamb_education_Patsy,0.7900179524685167,2991.0,1919.0,51.49783804108846,-3.186245571244898,Medio,1901-1950
339,Lamb_education_Princess,1.5266304032410025,1769.0,1976.0,51.49783804108846,-3.186245571244898,Medio,1951-2000
340,Lamb_education_Kasha,0.9595268558172734,2335.0,1966.0,51.49783804108846,-3.186245571244898,Medio,1951-2000
341,Lamb_education_Bettye,1.337101637568103,2692.0,1919.0,51.49783804108846,-3.186245571244898,Medio,1901-1950
342,Lamb_education_Manuel,1.2575269588021567,2844.0,1976.0,51.49783804108846,-3.186245571244898,Medio,1951-2000
343,Lamb_education_Heidi,1.2780172808841652,2164.0,1976.0,51.49783804108846,-3.186245571244898,Medio,1951-2000
344,Lamb_education_Nathan,0.6033555711610487,2937.0,1976.0,51.49783804108846,-3.186245571244898,Medio,1951-2000
345,Lamb_education_Dwayne,1.4274218098490294,1391.0,1976.0,51.49783804108846,-3.186245571244898,Medio,1951-2000
346,Lamb_education_Augustine,0.7483021535102643,2939.0,1966.0,51.49783804108846,-3.186245571244898,Medio,1951-2000
347,Lamb_education_Dolly,0.8082757621479418,2154.0,1966.0,51.49783804108846,-3.186245571244898,Medio,1951-2000
348,Lamb_education_Phil,1.3342258916831031,1014.0,1976.0,51.49783804108846,-3.186245571244898,Medio,1951-2000
349,Lamb_education_Felicia,0.7003273143904675,2182.0,1966.0,51.49783804108846,-3.186245571244898,Medio,1951-2000
350,Lamb_education_Mae,1.711173500340832,11247.0,1976.0,51.49783804108846,-3.186245571244898,Grande,1951-2000
351,Lamb_education_Junior,1.3866030929700193,11285.0,1966.0,51.49783804108846,-3.186245571244898,Grande,1951-2000
352,Lamb_education_Ruben,1.3891185070764682,1578.0,1976.0,51.49783804108846,-3.186245571244898,Medio,1951-2000
353,Lamb_education_Armando,1.307110636198877,11200.9,1945.0,51.49783804108846,-3.186245571244898,Grande,1901-1950
354,Lamb_education_Hilary,1.112751893052303,1281.0,1919.0,51.49783804108846,-3.186245571244898,Medio,1901-1950
355,Lamb_education_Marc,3.763753488491574,811.0,1976.0,51.49783804108846,-3.186245571244898,Pequeno,1951-2000
356,Lamb_education_Marty,1.6365154177074661,1201.0,1976.0,51.49783804108846,-3.186245571244898,Medio,1951-2000
357,Lamb_education_Larissa,1.1032389008480104,2555.0,1976.0,51.49783804108846,-3.186245571244898,Medio,1951-2000
358,Lamb_education_Hillary,0.9038359807864165,2238.0,1976.0,51.49783804108846,-3.186245571244898,Medio,1951-2000
359,Lamb_education_Carlton,1.1833448465242251,3323.0,1966.0,51.49783804108846,-3.186245571244898,Medio,1951-2000
360,Lamb_education_Wilbert,1.3388430022573363,2215.0,1945.0,51.49783804108846,-3.186245571244898,Medio,1901-1950
361,Lamb_education_Sunny,1.1780139389907351,1691.0,1919.0,51.49783804108846,-3.186245571244898,Medio,1901-1950
362,Lamb_education_Salvador,1.014729280155642,2570.0,1966.0,51.49783804108846,-3.186245571244898,Medio,1951-2000
363,Lamb_education_Fred,1.0479025156942394,2708.0,1919.0,51.49783804108846,-3.186245571244898,Medio,1901-1950
364,Lamb_education_Moses,1.734244009009009,1295.0,1976.0,51.49783804108846,-3.186245571244898,Medio,1951-2000
365,Lamb_education_Terina,1.8527237688884404,14868.0,1966.0,51.49783804108846,-3.186245571244898,Grande,1951-2000
366,Lamb_education_Emilie,1.226672090048606,1303.0,1966.0,51.49783804108846,-3.186245571244898,Medio,1951-2000
367,Lamb_education_Garry,0.9535865893253088,3157.0,1976.0,51.49783804108846,-3.186245571244898,Medio,1951-2000
368,Lamb_education_Logan,0.54090593633829,2152.0,1976.0,51.49783804108846,-3.186245571244898,Medio,1951-2000
369,Lamb_education_Freddy,1.0224821715076071,1205.0,1976.0,51.49783804108846,-3.186245571244898,Medio,1951-2000
370,Lamb_education_Vaughn,0.8534237033855161,2619.0,1919.0,51.49783804108846,-3.186245571244898,Medio,1901-1950
371,Lamb_education_Wanda,1.3796279158993248,1086.0,1976.0,51.49783804108846,-3.186245571244898,Medio,1951-2000
372,Lamb_education_Hellen,1.00054232338973,1123.0,1919.0,51.49783804108846,-3.186245571244898,Medio,1901-1950
373,Lamb_education_Ellen,1.038626839721818,2061.0,1919.0,51.49783804108846,-3.186245571244898,Medio,1901-1950
374,Lamb_education_Antonio,1.4910533342966232,9516.0,1945.0,51.49783804108846,-3.186245571244898,Grande,1901-1950
375,Lamb_education_Hubert,2.872583822827125,1047.0,1976.0,51.49783804108846,-3.186245571244898,Medio,1951-2000
376,Peacock_education_Weldon,3.0933800286199866,22419.7,,40.349999999999966,-74.69999999999995,Grande,
377,Peacock_education_Bianca,4.068602571988074,4349.1,,40.349999999999966,-74.69999999999995,Medio,
378,Peacock_education_Karyn,14.17397804077483,12016.4,,40.349999999999966,-74.69999999999995,Grande,
379,Peacock_education_Patience,3.575465409497955,2836.4,,40.349999999999966,-74.69999999999995,Medio,
380,Peacock_education_Karl,0.20830905060464516,44381.9,,40.349999999999966,-74.69999999999995,Grande,
381,Peacock_education_Lyle,13.953666770554221,17727.5,,40.349999999999966,-74.69999999999995,Grande,
382,Peacock_education_Anita,3.54269438912345,1255.3,,40.349999999999966,-74.69999999999995,Medio,
383,Peacock_education_Robbie,3.0729676306251426,5416.9,,40.349999999999966,-74.69999999999995,Medio,
384,Peacock_education_Pasquale,20.477452240848187,3343.6,,40.349999999999966,-74.69999999999995,Medio,
385,Peacock_education_Joshua,23.589850538701448,7054.0,,40.349999999999966,-74.69999999999995,Medio,
386,Peacock_education_Dustin,2.2496184169972127,7462.4,,40.349999999999966,-74.69999999999995,Medio,
387,Peacock_education_Forest,4.488725493986254,7178.0,,40.349999999999966,-74.69999999999995,Medio,
388,Peacock_education_Gilberto,16.21782813939671,23225.8,,40.349999999999966,-74.69999999999995,Grande,
389,Peacock_education_Shelly,8.323768020751826,4984.3,,40.349999999999966,-74.69999999999995,Medio,
390,Peacock_education_Ophelia,22.863933054961695,11226.0,,40.349999999999966,-74.69999999999995,Grande,
391,Peacock_education_Yolanda,3.7711394100387294,3675.1,,40.349999999999966,-74.69999999999995,Medio,
392,Peacock_education_Lucie,3.4170607708475558,23876.1,,40.349999999999966,-74.69999999999995,Grande,
393,Moose_education_Maria,6.928018361625078,35999.9,1960.0,45.4215,-75.6972,Grande,1951-2000
394,Moose_education_Florence,3.3954725667965437,26999.9,1995.0,45.4215,-75.6972,Grande,1951-2000
395,Moose_education_Marlon,3.22326956984127,21000.0,1965.0,45.4215,-75.6972,Grande,1951-2000
396,Moose_education_Diane,10.363945784485006,16999.9,1962.0,45.4215,-75.6972,Grande,1951-2000
397,Moose_education_Marina,2.4533086395833337,6000.0,1955.0,45.4215,-75.6972,Medio,1951-2000
398,Moose_education_Rene,4.739565456751202,37999.9,1970.0,45.4215,-75.6972,Grande,1951-2000
399,Moose_education_Lori,5.1941987125,14000.0,1964.0,45.4215,-75.6972,Grande,1951-2000
400,Moose_education_Leland,10.382314462291419,48999.9,1976.0,45.4215,-75.6972,Grande,1951-2000
401,Moose_education_Clark,4.392893300025775,70999.9,1979.0,45.4215,-75.6972,Grande,1951-2000
402,Moose_education_Abbie,10.272669220925925,45000.0,1952.0,45.4215,-75.6972,Grande,1951-2000
403,Moose_education_Gladys,6.024362855190473,67999.9,1969.0,45.4215,-75.6972,Grande,1951-2000
404,Moose_education_Sasha,0.10189942291666668,8000.0,1911.0,45.4215,-75.6972,,1901-1950
405,Moose_education_Ricardo,8.106409441666667,14000.0,,45.4215,-75.6972,Grande,
406,Bull_education_Magaret,3.3967950410244803,7954.6,,30.26719999999989,-97.7430999999998,Medio,
407,Bull_education_Myra,3.1408940147746116,5527.5,,30.26719999999989,-97.7430999999998,Medio,
408,Bull_education_Dakota,5.594794891101258,3585.9,,30.26719999999989,-97.7430999999998,Medio,
409,Bull_education_Dan,5.301653630785894,11941.4,,30.26719999999989,-97.7430999999998,Grande,
410,Bull_education_Luke,7.213007646229283,15458.6,,30.26719999999989,-97.7430999999998,Grande,
411,Bull_education_Delia,9.793777689191653,28356.2,,30.26719999999989,-97.7430999999998,Grande,
412,Bull_education_Bryon,2.7594673313998204,4723.7,,30.26719999999989,-97.7430999999998,Medio,
413,Bull_education_Juan,2.956515201224847,26212.8,,30.26719999999989,-97.7430999999998,Grande,
414,Bull_education_Clarita,7.381632157877709,18546.0,,30.26719999999989,-97.7430999999998,Grande,
415,Bull_education_Kristal,7.918639112101202,18853.5,,30.26719999999989,-97.7430999999998,Grande,
416,Bull_education_Clarice,2.28818361912185,5132.0,,30.26719999999989,-97.7430999999998,Medio,
417,Bull_education_Arthur,6.669594042831957,22083.2,,30.26719999999989,-97.7430999999998,Grande,
418,Bull_education_Roland,4.187019742556269,20071.7,,30.26719999999989,-97.7430999999998,Grande,
419,Bull_education_Joseph,2.7507465146897427,15519.9,,30.26719999999989,-97.7430999999998,Grande,
420,Bull_education_Summer,3.202351779031553,3509.4,,30.26719999999989,-97.7430999999998,Medio,
421,Bull_education_Shona,50.215432806031934,1352.8,,30.26719999999989,-97.7430999999998,Medio,
422,Bull_education_Barry,19.492841009538992,18440.1,,30.26719999999989,-97.7430999999998,Grande,
423,Bull_education_Dania,2.903076844412913,5215.3,,30.26719999999989,-97.7430999999998,Medio,
424,Bull_education_Reynaldo,2.4820520277359606,4384.2,,30.26719999999989,-97.7430999999998,Medio,
425,Bull_education_Reina,3.05426453130962,9434.8,,30.26719999999989,-97.7430999999998,Grande,
426,Bull_education_Genie,3.3208553917625787,13675.8,,30.26719999999989,-97.7430999999998,Grande,
427,Bull_education_Tracey,2.9918153956343225,24014.6,,30.26719999999989,-97.7430999999998,Grande,
428,Bull_education_Lydia,4.052081465734362,11712.9,,30.26719999999989,-97.7430999999998,Grande,
429,Bull_education_Mario,4.628109592111162,8477.8,,30.26719999999989,-97.7430999999998,Grande,
430,Bull_education_Linnie,5.006632825423452,14307.0,,30.26719999999989,-97.7430999999998,Grande,
431,Bull_education_Miranda,6.124963364107483,10008.4,,30.26719999999989,-97.7430999999998,Grande,
432,Bull_education_Roseann,8.856432839901572,10241.2,,30.26719999999989,-97.7430999999998,Grande,
433,Bull_education_Racheal,5.839660244364758,36560.1,,30.26719999999989,-97.7430999999998,Grande,
434,Bull_education_Geneva,4.951070649208947,2321.8,,30.26719999999989,-97.7430999999998,Medio,
435,Bull_education_Krista,4.794925983653071,22263.1,,30.26719999999989,-97.7430999999998,Grande,
436,Bull_education_Patrina,1.3091357694945658,5054.4,,30.26719999999989,-97.7430999999998,Medio,
437,Bull_education_Lyn,3.8656450279098618,2418.5,,30.26719999999989,-97.7430999999998,Medio,
438,Bull_education_Jeffery,87.39291808873719,2783.5,,30.26719999999989,-97.7430999999998,Medio,
439,Bull_education_Dora,2.6914432377938287,15672.4,,30.26719999999989,-97.7430999999998,Grande,
440,Bull_education_Jae,11.554228746935213,16463.9,,30.26719999999989,-97.7430999999998,Grande,
441,Bull_education_Hayley,3.395378174995647,17997.4,,30.26719999999989,-97.7430999999998,Grande,
442,Bull_education_Pablo,2.827816525649821,4810.3,,30.26719999999989,-97.7430999999998,Medio,
443,Bull_education_Pamela,3.0999505688567854,20904.5,,30.26719999999989,-97.7430999999998,Grande,
444,Bull_education_Antonia,4.702686280852134,37099.0,,30.26719999999989,-97.7430999999998,Grande,
445,Bull_education_Venita,2.9416688852935757,4882.9,,30.26719999999989,-97.7430999999998,Medio,
446,Bull_education_Brain,6.5207674161720925,21365.2,,30.26719999999989,-97.7430999999998,Grande,
447,Bull_education_Fabiola,6.50136972321064,10370.1,,30.26719999999989,-97.7430999999998,Grande,
448,Bull_education_Sebastian,2.6892858771192794,5117.7,,30.26719999999989,-97.7430999999998,Medio,
449,Bull_education_Olive,4.184308358779574,5370.8,,30.26719999999989,-97.7430999999998,Medio,
450,Bull_education_Matilda,11.420663313439062,10069.9,,30.26719999999989,-97.7430999999998,Grande,
451,Bull_education_Elva,3.8418096024432256,5631.9,,30.26719999999989,-97.7430999999998,Medio,
452,Bull_education_Carl,8.747141128717509,25622.0,,30.26719999999989,-97.7430999999998,Grande,
453,Bull_education_Nichole,3.8957705869389554,19058.2,,30.26719999999989,-97.7430999999998,Grande,
454,Bull_education_Annette,3.501532500578302,6484.5,,30.26719999999989,-97.7430999999998,Medio,
455,Bull_education_Violeta,3.61393183160218,10330.3,,30.26719999999989,-97.7430999999998,Grande,
456,Bull_education_Stewart,6.367139476627567,7212.2,,30.26719999999989,-97.7430999999998,Medio,
457,Bull_education_Brady,3.360007333058344,3636.5,,30.26719999999989,-97.7430999999998,Medio,
458,Bull_education_Nolan,2.847759008215273,8512.6,,30.26719999999989,-97.7430999999998,Grande,
459,Bull_education_Mervin,3.3223145035077586,20255.1,,30.26719999999989,-97.7430999999998,Grande,
460,Bull_education_Lenny,3.079771938811148,4294.9,,30.26719999999989,-97.7430999999998,Medio,
461,Bull_education_Dottie,18.561886550183395,39822.6,,30.26719999999989,-97.7430999999998,Grande,
462,Bull_education_Nina,7.383138584343142,12131.0,,30.26719999999989,-97.7430999999998,Grande,
463,Bull_education_Gregory,1.559198873830994,17333.1,,30.26719999999989,-97.7430999999998,Grande,
464,Bull_education_Kendra,10.14973187582756,16640.3,,30.26719999999989,-97.7430999999998,Grande,
465,Bull_education_Brandi,3.447236007719879,2901.6,,30.26719999999989,-97.7430999999998,Medio,
466,Bull_education_Brenda,3.677658712894149,14652.9,,30.26719999999989,-97.7430999999998,Grande,
467,Bull_education_Bernice,9.825578250551837,14481.9,,30.26719999999989,-97.7430999999998,Grande,
468,Bull_education_Miquel,4.115415008793303,22820.4,,30.26719999999989,-97.7430999999998,Grande,
469,Bobcat_education_Toni,4.444616577752647,2033.8,,,,Medio,
470,Bobcat_education_Seth,0.0,17179.3,,,,Grande,
471,Bobcat_education_Hollis,6.200168293936279,8173.2,,,,Grande,
472,Bobcat_education_Coleman,4.0130157834923885,10551.9,,,,Grande,
473,Bobcat_education_Jayne,3.3409201433820597,6259.5,,,,Medio,
474,Bobcat_education_Karin,1.9296883175536865,6052.1,,,,Medio,
475,Bobcat_education_Rosalva,3.2111232750553005,7836.0,,,,Medio,
476,Bobcat_education_Rodrick,1.2630315074104135,11088.0,,,,Grande,
477,Bobcat_education_Emile,0.15654468051086284,5003.3,,,,Medio,
478,Bobcat_education_Miki,1.3718183641295467,16116.7,,,,Grande,
479,Bobcat_education_Alissa,1.88518593511213,11254.8,,,,Grande,
480,Bobcat_education_Monte,3.1731543075478146,2147.2,,,,Medio,
481,Bobcat_education_Barbra,0.0,2538.0,,,,Medio,
482,Bobcat_education_Marisha,2.951336267079368,6913.8,,,,Medio,
483,Bobcat_education_Dylan,2.735368907468218,17358.0,,,,Grande,
484,Bobcat_education_Whitney,17.222134044716906,6957.1,,,,Medio,
485,Bobcat_education_Angela,3.4114471800318844,8802.7,,,,Grande,
486,Crow_education_Omer,10.519325835905565,11857.4,,45.3876,-75.696,Grande,
487,Crow_education_Keisha,7.522969001354669,14173.2,,45.3876,-75.696,Grande,
488,Crow_education_Kate,4.22795621578431,6320.2,,45.3876,-75.696,Medio,
489,Crow_education_Winston,13.194519830775329,8659.1,,45.3876,-75.696,Grande,
490,Crow_education_Marlin,10.931716640877791,7561.4,,45.3876,-75.696,Medio,
491,Wolf_education_Cody,3.401549632120753,2639.0,,53.34979999999997,6.2603,Medio,
492,Wolf_education_Roderick,2.346490933170334,818.0,,53.34979999999997,6.2603,Pequeno,
493,Wolf_education_Anisa,7.908800805853318,11008.0,,53.34979999999997,6.2603,Grande,
494,Wolf_education_Dolores,2.1290846888452943,6117.0,,53.34979999999997,6.2603,Medio,
495,Wolf_education_Katie,3.53318691283149,2803.0,,53.34979999999997,6.2603,Medio,
496,Wolf_education_Miguel,2.3616539808131285,5403.0,,53.34979999999997,6.2603,Medio,
497,Wolf_education_Tammie,3.8470602560830356,7836.0,,53.34979999999997,6.2603,Medio,
498,Wolf_education_Laurinda,4.393511779865641,18706.0,,53.34979999999997,6.2603,Grande,
499,Wolf_education_Vivian,2.9914165954009886,8770.0,,53.34979999999997,6.2603,Grande,
500,Wolf_education_Dorris,9.838599378460923,11678.0,,53.34979999999997,6.2603,Grande,
501,Wolf_education_Cheryl,1.9017900231074663,25605.0,,53.34979999999997,6.2603,Grande,
502,Wolf_education_Arnulfo,2.5954572362075616,5184.0,,53.34979999999997,6.2603,Medio,
503,Wolf_education_Clarissa,2.8282371735762766,6778.0,,53.34979999999997,6.2603,Medio,
504,Wolf_education_Loren,7.0233678647115125,12190.0,,53.34979999999997,6.2603,Grande,
505,Wolf_education_Joaquin,10.7407037414966,2450.0,,53.34979999999997,6.2603,Medio,
506,Wolf_education_Tori,7.381515108156689,19044.9,,53.34979999999997,6.2603,Grande,
507,Wolf_education_Ursula,3.772908800959661,13998.0,,53.34979999999997,6.2603,Grande,
508,Wolf_education_Bobby,3.390464600803634,10494.0,,53.34979999999997,6.2603,Grande,
509,Wolf_education_Josefa,3.8298609722222228,750.0,,53.34979999999997,6.2603,Pequeno,
510,Wolf_education_Eulalia,3.197678205685204,8056.0,,53.34979999999997,6.2603,Grande,
511,Hog_education_Hallie,7.867125852326449,2996.7,,44.97878184783975,-93.2553976421019,Medio,
512,Hog_education_Wayne,7.689556724065053,7964.8,,44.97878184783975,-93.2553976421019,Medio,
513,Hog_education_Jordan,3.171405594471587,12362.8,,44.97878184783975,-93.2553976421019,Grande,
514,Hog_education_Darryl,2.570008213483523,994.3,,44.97878184783975,-93.2553976421019,Pequeno,
515,Hog_education_Donnie,4.635234854135588,6837.4,,44.97878184783975,-93.2553976421019,Medio,
516,Hog_education_Casandra,15.661357175187034,26033.7,,44.97878184783975,-93.2553976421019,Grande,
517,Hog_education_Janell,47.04051935689521,26718.3,,44.97878184783975,-93.2553976421019,Grande,
518,Hog_education_Madge,4.747870640534433,6786.0,,44.97878184783975,-93.2553976421019,Medio,
519,Hog_education_Rachael,7.43490745850157,3715.0,,44.97878184783975,-93.2553976421019,Medio,
520,Hog_education_Josh,8.732651274309564,5630.5,,44.97878184783975,-93.2553976421019,Medio,
521,Hog_education_Beth,2.9801146700164214,13254.7,,44.97878184783975,-93.2553976421019,Grande,
522,Hog_education_Sonia,13.353864081298152,17103.3,,44.97878184783975,-93.2553976421019,Grande,
523,Hog_education_Luvenia,9.504070346562848,17851.5,,44.97878184783975,-93.2553976421019,Grande,
524,Hog_education_Cathleen,14.121767527428265,14440.7,,44.97878184783975,-93.2553976421019,Grande,
525,Hog_education_Jared,3.879275244093691,1317.8,,44.97878184783975,-93.2553976421019,Medio,
526,Hog_education_Bruno,6.90980282290772,13972.0,,44.97878184783975,-93.2553976421019,Grande,
527,Hog_education_Caridad,21.974895985483307,24153.8,,44.97878184783975,-93.2553976421019,Grande,
528,Hog_education_Roberto,7.757292293948907,9365.8,,44.97878184783975,-93.2553976421019,Grande,
529,Hog_education_George,11.593976735764919,6719.9,,44.97878184783975,-93.2553976421019,Medio,
530,Hog_education_Jewel,3.0265937921300976,7912.0,,44.97878184783975,-93.2553976421019,Medio,
531,Hog_education_Leandro,8.880584133682579,19241.6,,44.97878184783975,-93.2553976421019,Grande,
532,Hog_education_Odell,13.472978325319685,14537.7,,44.97878184783975,-93.2553976421019,Grande,
533,Hog_education_Robert,6.649703154691267,30925.9,,44.97878184783975,-93.2553976421019,Grande,
534,Hog_education_Haywood,14.762602226798942,3447.4,,44.97878184783975,-93.2553976421019,Medio,
535,Eagle_education_Raul,15.81064731206408,15255.2,,,,Grande,
536,Eagle_education_Roman,13.533946059346531,18621.7,,,,Grande,
537,Eagle_education_Jewell,5.3571486917192495,16845.9,,,,Grande,
538,Eagle_education_Cassie,5.639095394915603,3066.9,,,,Medio,
539,Eagle_education_Peter,13.901732125436089,41103.8,,,,Grande,
540,Eagle_education_Shanna,11.264612060094668,9718.0,,,,Grande,
541,Eagle_education_Eileen,5.797410090164565,2600.8,,,,Medio,
542,Eagle_education_Lino,5.3404513685580195,12911.4,,,,Grande,
543,Eagle_education_Wesley,7.155811365322592,6604.3,,,,Medio,
544,Eagle_education_Sheena,2.691762224300522,4277.0,,,,Medio,
545,Eagle_education_Shante,10.555923057201635,21566.4,,,,Grande,
546,Eagle_education_Brianne,23.11941110454886,6857.4,,,,Medio,
547,Eagle_education_Samantha,7.914343072253065,12518.5,,,,Grande,
548,Eagle_education_April,2.6768305059836237,7144.5,,,,Medio,
549,Eagle_education_Sherrill,14.1149609003351,18064.2,,,,Grande,
550,Eagle_education_Brooke,13.301665931139851,25384.3,,,,Grande,
551,Eagle_education_Alberto,10.527419803030876,15894.2,,,,Grande,
552,Eagle_education_Norah,19.877838471186216,9089.4,,,,Grande,
553,Eagle_education_Will,7.160474311860498,5782.5,,,,Medio,
554,Eagle_education_Petra,10.253095463816829,2320.6,,,,Medio,
555,Eagle_education_Maragret,6.904853986864246,1228.2,,,,Medio,
556,Eagle_education_Edith,8.765456764276898,7427.5,,,,Medio,
557,Eagle_education_Teresa,6.549877635537709,5628.2,,,,Medio,
558,Eagle_education_Luther,15.947442043059041,10799.9,,,,Grande,
559,Eagle_education_Paul,2.6917509813461074,4008.1,,,,Medio,
560,Eagle_education_Shana,7.623350195638048,2359.8,,,,Medio,
561,Cockatoo_education_Helene,14.42682134072323,3130.4,1948.0,42.45983685925793,-76.4852915864667,Medio,1901-1950
562,Cockatoo_education_Eunice,11.57652811385347,12195.5,2010.0,42.45983685925793,-76.4852915864667,Grande,2000-...
563,Cockatoo_education_Mayra,2.0187800649674945,11546.8,1904.0,42.45983685925793,-76.4852915864667,Grande,1901-1950
564,Cockatoo_education_Sheryl,11.660769913858555,14927.0,1968.0,42.45983685925793,-76.4852915864667,Grande,1951-2000
565,Cockatoo_education_Melanie,1.2812012397119341,3240.0,1993.0,42.45983685925793,-76.4852915864667,Medio,1951-2000
566,Cockatoo_education_Collin,13.333980252252939,5248.7,1957.0,42.45983685925793,-76.4852915864667,Medio,1951-2000
567,Cockatoo_education_Laurence,5.845724481839792,4403.4,1912.0,42.45983685925793,-76.4852915864667,Medio,1901-1950
568,Cockatoo_education_Brendan,2.349224232996503,10856.1,1978.0,42.45983685925793,-76.4852915864667,Grande,1951-2000
569,Cockatoo_education_Joel,2.5792671474720152,887.4,1961.0,42.45983685925793,-76.4852915864667,Pequeno,1951-2000
570,Cockatoo_education_Jack,0.9852241705213866,2918.5,1912.0,42.45983685925793,-76.4852915864667,Medio,1901-1950
571,Cockatoo_education_Magdalena,4.655730648432577,846.4,1958.0,42.45983685925793,-76.4852915864667,Pequeno,1951-2000
572,Cockatoo_education_Shawn,10.08671237817749,4453.2,,42.45983685925793,-76.4852915864667,Medio,
573,Cockatoo_education_Brigitte,10.070390738069595,25998.0,2008.0,42.45983685925793,-76.4852915864667,Grande,2000-...
574,Cockatoo_education_Claudine,5.416724555402246,2609.1,1913.0,42.45983685925793,-76.4852915864667,Medio,1901-1950
575,Cockatoo_education_Joeann,14.510219870452236,10360.4,1968.0,42.45983685925793,-76.4852915864667,Grande,1951-2000
576,Cockatoo_education_Erik,4.626411017701263,13051.8,1961.0,42.45983685925793,-76.4852915864667,Grande,1951-2000
577,Cockatoo_education_Clifton,0.0922050622567358,5292.6,1967.0,42.45983685925793,-76.4852915864667,Medio,1951-2000
578,Cockatoo_education_Victoria,4.413605757993155,399.3,,42.45983685925793,-76.4852915864667,Pequeno,
579,Cockatoo_education_Charity,4.50167260121234,21726.6,1921.0,42.45983685925793,-76.4852915864667,Grande,1901-1950
580,Cockatoo_education_Nelda,6.8470320894355865,6930.5,1984.0,42.45983685925793,-76.4852915864667,Medio,1951-2000
581,Cockatoo_education_Terrence,8.361311916267912,18954.9,2010.0,42.45983685925793,-76.4852915864667,Grande,2000-...
582,Cockatoo_education_Maynard,17.328475031950084,443.4,,42.45983685925793,-76.4852915864667,Pequeno,
583,Cockatoo_education_Doreen,3.8104130296739287,8477.7,,42.45983685925793,-76.4852915864667,Grande,
584,Cockatoo_education_Christi,0.6791214922238181,2158.3,,42.45983685925793,-76.4852915864667,Medio,
585,Cockatoo_education_Gussie,39.334427175582064,2800.4,1951.0,42.45983685925793,-76.4852915864667,Medio,
586,Cockatoo_education_Jon,4.144073713227193,10589.8,1923.0,42.45983685925793,-76.4852915864667,Grande,1901-1950
587,Cockatoo_education_Deloris,9.090054527250096,3079.5,1967.0,42.45983685925793,-76.4852915864667,Medio,1951-2000
588,Cockatoo_education_Evangeline,7.987916577761669,9795.1,2014.0,42.45983685925793,-76.4852915864667,Grande,2000-...
589,Cockatoo_education_Rita,2.7199876931729263,1704.0,1960.0,42.45983685925793,-76.4852915864667,Medio,1951-2000
590,Cockatoo_education_Latrice,1.1929546104498376,1940.7,1976.0,42.45983685925793,-76.4852915864667,Medio,1951-2000
591,Cockatoo_education_Arlen,9.030404151090343,3745.0,1913.0,42.45983685925793,-76.4852915864667,Medio,1901-1950
592,Cockatoo_education_Flora,23.186379144715247,13913.3,2004.0,42.45983685925793,-76.4852915864667,Grande,2000-...
593,Cockatoo_education_Orlando,5.390752176804806,15887.2,1930.0,42.45983685925793,-76.4852915864667,Grande,1901-1950
594,Cockatoo_education_Julio,7.217164320999842,9116.1,2011.0,42.45983685925793,-76.4852915864667,Grande,2000-...
595,Cockatoo_education_Julia,3.169837936852093,3758.9,2002.0,42.45983685925793,-76.4852915864667,Medio,2000-...
596,Cockatoo_education_Janet,12.232714962677761,29946.4,1995.0,42.45983685925793,-76.4852915864667,Grande,1951-2000
597,Cockatoo_education_Minh,3.485427724147473,4697.8,,42.45983685925793,-76.4852915864667,Medio,
598,Cockatoo_education_Oliver,3.6923087109022723,16780.6,1933.0,42.45983685925793,-76.4852915864667,Grande,1901-1950
599,Cockatoo_education_Marva,5.751700355354268,10123.7,1990.0,42.45983685925793,-76.4852915864667,Grande,1951-2000
600,Cockatoo_education_June,3.9174253272453634,9811.7,1967.0,42.45983685925793,-76.4852915864667,Grande,1951-2000
601,Cockatoo_education_Lionel,10.206529266723843,11660.0,1974.0,42.45983685925793,-76.4852915864667,Grande,1951-2000
602,Cockatoo_education_Amira,6.345439184712652,2641.4,1933.0,42.45983685925793,-76.4852915864667,Medio,1901-1950
603,Cockatoo_education_Tyler,14.260152523601395,19928.2,1990.0,42.45983685925793,-76.4852915864667,Grande,1951-2000
